"SN","Date Time","Fuel","Engine Duration (Minute)","Avg Speed"
"1","01/01/2020 12:05 AM","77.11","0","0"
"2","01/01/2020 12:10 AM","77.11","0","0"
"3","01/01/2020 12:15 AM","77.08","0","0"
"4","01/01/2020 12:20 AM","77.08","0","0"
"5","01/01/2020 12:25 AM","77.11","0","0"
"6","01/01/2020 12:30 AM","77.08","0","0"
"7","01/01/2020 12:35 AM","77.11","0","0"
"8","01/01/2020 12:40 AM","77.11","0","0"
"9","01/01/2020 12:45 AM","77.11","0","0"
"10","01/01/2020 12:50 AM","77.08","0","0"
"11","01/01/2020 12:55 AM","77.11","0","0"
"12","01/01/2020 1:00 AM","77.08","0","0"
"13","01/01/2020 1:05 AM","77.11","0","0"
"14","01/01/2020 1:10 AM","77.08","0","0"
"15","01/01/2020 1:15 AM","77.11","0","0"
"16","01/01/2020 1:20 AM","77.08","0","0"
"17","01/01/2020 1:25 AM","77.08","0","0"
"18","01/01/2020 1:30 AM","77.08","0","0"
"19","01/01/2020 1:35 AM","77.08","0","0"
"20","01/01/2020 1:40 AM","77.08","0","0"
"21","01/01/2020 1:45 AM","77.11","0","0"
"22","01/01/2020 1:50 AM","77.08","0","0"
"23","01/01/2020 1:55 AM","77.08","0","0"
"24","01/01/2020 2:00 AM","77.08","0","0"
"25","01/01/2020 2:05 AM","77.08","0","0"
"26","01/01/2020 2:10 AM","77.08","0","0"
"27","01/01/2020 2:15 AM","77.11","0","0"
"28","01/01/2020 2:20 AM","77.08","0","0"
"29","01/01/2020 2:25 AM","77.11","0","0"
"30","01/01/2020 2:30 AM","77.08","0","0"
"31","01/01/2020 2:35 AM","77.11","0","0"
"32","01/01/2020 2:40 AM","77.11","0","0"
"33","01/01/2020 2:45 AM","77.08","0","0"
"34","01/01/2020 2:50 AM","77.08","0","0"
"35","01/01/2020 2:55 AM","77.08","0","0"
"36","01/01/2020 3:00 AM","77.14","0","0"
"37","01/01/2020 3:05 AM","77.08","0","0"
"38","01/01/2020 3:10 AM","77.08","0","0"
"39","01/01/2020 3:15 AM","77.08","0","0"
"40","01/01/2020 3:20 AM","77.08","0","0"
"41","01/01/2020 3:25 AM","77.11","0","0"
"42","01/01/2020 3:30 AM","77.08","0","0"
"43","01/01/2020 3:35 AM","77.11","0","0"
"44","01/01/2020 3:40 AM","77.08","0","0"
"45","01/01/2020 3:45 AM","77.08","0","0"
"46","01/01/2020 3:50 AM","77.08","0","0"
"47","01/01/2020 3:55 AM","77.08","0","0"
"48","01/01/2020 4:00 AM","77.08","0","0"
"49","01/01/2020 4:05 AM","77.08","0","0"
"50","01/01/2020 4:10 AM","77.08","0","0"
"51","01/01/2020 4:15 AM","77.08","0","0"
"52","01/01/2020 4:20 AM","77.11","0","0"
"53","01/01/2020 4:25 AM","77.08","0","0"
"54","01/01/2020 4:30 AM","0.03","0","0"
"55","01/01/2020 4:35 AM","0.03","0","0"
"56","01/01/2020 4:40 AM","0","0","0"
"57","01/01/2020 4:45 AM","0","0","0"
"58","01/01/2020 4:50 AM","0","0","0"
"59","01/01/2020 4:55 AM","0","0","0"
"60","01/01/2020 5:00 AM","0","0","0"
"61","01/01/2020 5:05 AM","0.03","0","0"
"62","01/01/2020 5:10 AM","0.03","0","0"
"63","01/01/2020 5:15 AM","0","0","0"
"64","01/01/2020 5:20 AM","0","0","0"
"65","01/01/2020 5:25 AM","0","0","0"
"66","01/01/2020 5:30 AM","0","0","0"
"67","01/01/2020 5:35 AM","0","0","0"
"68","01/01/2020 5:40 AM","0","0","0"
"69","01/01/2020 5:45 AM","0.03","0","0"
"70","01/01/2020 5:50 AM","0","0","0"
"71","02/01/2020 8:45 AM","76.7","0","0"
"72","02/01/2020 8:50 AM","76.64","0","0"
"73","02/01/2020 8:55 AM","76.67","1.5","0"
"74","02/01/2020 9:00 AM","77.45","4.18","2"
"75","02/01/2020 9:05 AM","75.72","1.83","2"
"76","02/01/2020 9:10 AM","75.6","4.07","2"
"77","02/01/2020 9:15 AM","75.66","0","0"
"78","02/01/2020 9:20 AM","75.69","0","0"
"79","02/01/2020 9:25 AM","75.72","0","0"
"80","02/01/2020 9:30 AM","75.69","0","0"
"81","02/01/2020 9:35 AM","75.72","0","0"
"82","02/01/2020 9:40 AM","76.54","4.73","1"
"83","02/01/2020 9:45 AM","76.38","0","0"
"84","02/01/2020 9:50 AM","76.45","2.5","3"
"85","02/01/2020 9:55 AM","75.91","4.98","3"
"86","02/01/2020 10:00 AM","75.47","4.98","3"
"87","02/01/2020 10:05 AM","73.55","4.85","4"
"88","02/01/2020 10:10 AM","73.49","4.98","3"
"89","02/01/2020 10:15 AM","73.68","4.95","4"
"90","02/01/2020 10:20 AM","72.96","4.87","4"
"91","02/01/2020 10:25 AM","69.02","4.83","0"
"92","02/01/2020 10:30 AM","68.8","4.5","0"
"93","02/01/2020 10:35 AM","68.83","0.18","0"
"94","02/01/2020 10:40 AM","68.8","0","0"
"95","02/01/2020 10:45 AM","68.87","0","0"
"96","02/01/2020 10:50 AM","68.83","0","0"
"97","02/01/2020 10:55 AM","68.8","0.63","0"
"98","02/01/2020 11:00 AM","71.89","4.98","3"
"99","02/01/2020 11:05 AM","71.57","4.97","3"
"100","02/01/2020 11:10 AM","68.49","4.95","3"
"101","02/01/2020 11:15 AM","69.9","4.92","4"
"102","02/01/2020 11:20 AM","69.53","4.93","4"
"103","02/01/2020 11:25 AM","68.9","4.9","3"
"104","02/01/2020 11:30 AM","66.73","4.62","0"
"105","02/01/2020 11:35 AM","65.97","4.8","1"
"106","02/01/2020 11:40 AM","67.04","4.98","1"
"107","02/01/2020 11:45 AM","67.32","4.52","0"
"108","02/01/2020 11:50 AM","64.71","4.5","0"
"109","02/01/2020 11:55 AM","64.71","1.48","0"
"110","02/01/2020 12:00 PM","64.68","0","0"
"111","02/01/2020 12:05 PM","64.68","0","0"
"112","02/01/2020 12:10 PM","64.68","0","0"
"113","02/01/2020 12:15 PM","64.68","0","0"
"114","02/01/2020 12:20 PM","64.68","0","0"
"115","02/01/2020 12:25 PM","64.68","0","0"
"116","02/01/2020 12:30 PM","64.68","0","0"
"117","02/01/2020 12:35 PM","64.68","0","0"
"118","02/01/2020 12:40 PM","64.71","0","0"
"119","02/01/2020 12:45 PM","64.68","0","0"
"120","02/01/2020 12:50 PM","64.68","0","0"
"121","02/01/2020 12:55 PM","64.71","0","0"
"122","02/01/2020 1:00 PM","64.68","0","0"
"123","02/01/2020 1:05 PM","64.68","0","0"
"124","02/01/2020 1:10 PM","64.68","0","0"
"125","02/01/2020 1:15 PM","64.68","0","0"
"126","02/01/2020 1:20 PM","64.68","0","0"
"127","02/01/2020 1:25 PM","64.68","0","0"
"128","02/01/2020 1:30 PM","64.68","0","0"
"129","02/01/2020 1:35 PM","64.71","0","0"
"130","02/01/2020 1:40 PM","64.68","0","0"
"131","02/01/2020 1:45 PM","64.68","0","0"
"132","02/01/2020 1:50 PM","64.68","0","0"
"133","02/01/2020 1:55 PM","64.68","0","0"
"134","02/01/2020 2:00 PM","64.71","0","0"
"135","02/01/2020 2:05 PM","67.1","3.53","2"
"136","02/01/2020 2:10 PM","66.63","4.87","2"
"137","02/01/2020 2:15 PM","63.89","4.87","3"
"138","02/01/2020 2:20 PM","64.4","4.9","3"
"139","02/01/2020 2:25 PM","65.47","4.98","3"
"140","02/01/2020 2:30 PM","64.65","4.98","2"
"141","02/01/2020 2:35 PM","61.76","4.8","0"
"142","02/01/2020 2:40 PM","61","0","0"
"143","02/01/2020 2:45 PM","60.72","0","0"
"144","02/01/2020 2:50 PM","60.62","0","0"
"145","02/01/2020 2:55 PM","60.59","0","0"
"146","02/01/2020 3:00 PM","60.59","0","0"
"147","02/01/2020 3:05 PM","63.39","4.42","2"
"148","02/01/2020 3:10 PM","63.3","4.98","3"
"149","02/01/2020 3:15 PM","60.97","4.9","3"
"150","02/01/2020 3:20 PM","60.28","4.98","3"
"151","02/01/2020 3:25 PM","60.5","4.93","3"
"152","02/01/2020 3:30 PM","60.91","4.92","3"
"153","02/01/2020 3:35 PM","59.18","4.87","5"
"154","02/01/2020 3:40 PM","59.18","0.02","0"
"155","02/01/2020 3:45 PM","59.21","0","0"
"156","02/01/2020 3:50 PM","59.18","0","0"
"157","02/01/2020 3:55 PM","59.08","0","0"
"158","02/01/2020 4:00 PM","58.96","0.53","2"
"159","02/01/2020 4:05 PM","105.92","1","3"
"160","02/01/2020 4:10 PM","108.63","4.95","4"
"161","02/01/2020 4:15 PM","108.47","4.93","3"
"162","02/01/2020 4:20 PM","106.24","4.93","3"
"163","02/01/2020 4:25 PM","105.23","4.9","3"
"164","02/01/2020 4:30 PM","106.11","4.93","3"
"165","02/01/2020 4:35 PM","105.64","4.93","3"
"166","02/01/2020 4:40 PM","105.61","4.92","3"
"167","02/01/2020 4:45 PM","103.75","4.92","3"
"168","02/01/2020 4:50 PM","104.51","4.95","4"
"169","02/01/2020 4:55 PM","103.16","4.87","2"
"170","02/01/2020 5:00 PM","100.42","4.48","0"
"171","02/01/2020 5:05 PM","95.35","4.4","0"
"172","02/01/2020 5:10 PM","101.74","4.65","0"
"173","02/01/2020 5:15 PM","104.57","4.93","0"
"174","02/01/2020 5:20 PM","95.29","4.88","0"
"175","02/01/2020 5:25 PM","101.14","4.98","2"
"176","02/01/2020 5:30 PM","100.95","4.85","3"
"177","02/01/2020 5:35 PM","98.28","0.32","0"
"178","02/01/2020 5:40 PM","98","0.5","2"
"179","02/01/2020 5:45 PM","97.78","4.92","1"
"180","02/01/2020 5:50 PM","99.22","4.92","4"
"181","02/01/2020 5:55 PM","97.78","4.92","0"
"182","02/01/2020 6:00 PM","96.52","4.9","1"
"183","02/01/2020 6:05 PM","98.78","4.92","4"
"184","02/01/2020 6:10 PM","99","4.98","3"
"185","02/01/2020 6:15 PM","99.41","4.98","3"
"186","02/01/2020 6:20 PM","97.15","4.95","4"
"187","02/01/2020 6:25 PM","96.74","4.88","3"
"188","02/01/2020 6:30 PM","97.02","4.9","3"
"189","02/01/2020 6:35 PM","96.99","4.92","3"
"190","02/01/2020 6:40 PM","96.14","4.98","3"
"191","02/01/2020 6:45 PM","96.17","4.53","1"
"192","02/01/2020 6:50 PM","93.56","0.95","0"
"193","02/01/2020 6:55 PM","93.59","0","0"
"194","02/01/2020 7:00 PM","94.91","3.42","3"
"195","02/01/2020 7:05 PM","96.33","4.95","4"
"196","02/01/2020 7:10 PM","94.19","4.95","4"
"197","02/01/2020 7:15 PM","94.69","4.78","3"
"198","02/01/2020 7:20 PM","92.15","0","0"
"199","02/01/2020 7:25 PM","92.11","0","0"
"200","02/01/2020 7:30 PM","92.08","0","0"
"201","02/01/2020 7:35 PM","92.02","0","0"
"202","02/01/2020 7:40 PM","91.71","0","0"
"203","02/01/2020 7:45 PM","91.74","0","0"
"204","02/01/2020 7:50 PM","91.67","0","0"
"205","02/01/2020 7:55 PM","91.52","0","0"
"206","02/01/2020 8:00 PM","91.52","0","0"
"207","02/01/2020 8:05 PM","91.55","0","0"
"208","02/01/2020 8:10 PM","91.58","0","0"
"209","02/01/2020 8:15 PM","91.64","0","0"
"210","02/01/2020 8:20 PM","91.64","0","0"
"211","02/01/2020 8:25 PM","91.64","0","0"
"212","02/01/2020 8:30 PM","91.58","0","0"
"213","02/01/2020 8:35 PM","91.39","0","0"
"214","02/01/2020 8:40 PM","92.59","4.53","2"
"215","02/01/2020 8:45 PM","92.21","4.97","2"
"216","02/01/2020 8:50 PM","90.57","4.87","1"
"217","02/01/2020 8:55 PM","91.74","4.95","3"
"218","02/01/2020 9:00 PM","91.86","4.92","4"
"219","02/01/2020 9:05 PM","90.67","4.97","4"
"220","02/01/2020 9:10 PM","90.23","4.95","4"
"221","02/01/2020 9:15 PM","88.15","4.97","4"
"222","02/01/2020 9:20 PM","87.74","4.9","2"
"223","02/01/2020 9:25 PM","88.06","4.95","4"
"224","02/01/2020 9:30 PM","83.97","3.3","1"
"225","02/01/2020 9:35 PM","85.35","4.55","2"
"226","02/01/2020 9:40 PM","86.14","0","0"
"227","02/01/2020 9:45 PM","85.7","0","0"
"228","02/01/2020 9:50 PM","85.57","1.77","0"
"229","02/01/2020 9:55 PM","85.35","4.5","0"
"230","02/01/2020 10:00 PM","85.35","4.5","0"
"231","02/01/2020 10:05 PM","84.09","4.92","2"
"232","02/01/2020 10:10 PM","83.93","4.73","3"
"233","02/01/2020 10:15 PM","82.61","0.15","0"
"234","02/01/2020 10:20 PM","82.58","0","0"
"235","02/01/2020 10:25 PM","82.64","0","0"
"236","02/01/2020 10:30 PM","82.61","0","0"
"237","02/01/2020 10:35 PM","82.61","0","0"
"238","02/01/2020 10:40 PM","82.61","0","0"
"239","02/01/2020 10:45 PM","82.58","0","0"
"240","02/01/2020 10:50 PM","82.61","0","0"
"241","02/01/2020 10:55 PM","82.58","0","0"
"242","02/01/2020 11:00 PM","82.61","0","0"
"243","02/01/2020 11:05 PM","82.58","0","0"
"244","02/01/2020 11:10 PM","82.61","0","0"
"245","02/01/2020 11:15 PM","82.58","0","0"
"246","02/01/2020 11:20 PM","82.58","0","0"
"247","02/01/2020 11:25 PM","82.61","4.9","2"
"248","02/01/2020 11:30 PM","84.91","4.92","3"
"249","02/01/2020 11:35 PM","83.81","4.88","4"
"250","02/01/2020 11:40 PM","82.8","4.98","3"
"251","02/01/2020 11:45 PM","82.11","4.97","4"
"252","02/01/2020 11:50 PM","81.67","4.95","3"
"253","02/01/2020 11:55 PM","80.54","4.92","3"
"254","03/01/2020 12:00 AM","81.26","4.97","4"
"255","03/01/2020 12:05 AM","78.02","2.2","0"
"256","03/01/2020 12:10 AM","77.58","0","0"
"257","03/01/2020 12:15 AM","77.23","0","0"
"258","03/01/2020 12:20 AM","77.42","2.1","2"
"259","03/01/2020 12:25 AM","79.56","4.98","3"
"260","03/01/2020 12:30 AM","79.78","4.88","4"
"261","03/01/2020 12:35 AM","78.4","4.98","4"
"262","03/01/2020 12:40 AM","78.21","4.9","4"
"263","03/01/2020 12:45 AM","77.11","4.95","3"
"264","03/01/2020 12:50 AM","76.54","4.92","3"
"265","03/01/2020 12:55 AM","74.43","4.9","3"
"266","03/01/2020 1:00 AM","74.31","0.08","0"
"267","03/01/2020 1:05 AM","74.31","0","0"
"268","03/01/2020 1:10 AM","74.34","0","0"
"269","03/01/2020 1:15 AM","74.31","0","0"
"270","03/01/2020 1:20 AM","74.28","0","0"
"271","03/01/2020 1:25 AM","74.31","0","0"
"272","03/01/2020 1:30 AM","74.24","0.77","0"
"273","03/01/2020 1:35 AM","72.92","0.58","0"
"274","03/01/2020 1:40 AM","72.92","0","0"
"275","03/01/2020 1:45 AM","72.92","0","0"
"276","03/01/2020 1:50 AM","72.92","0","0"
"277","03/01/2020 1:55 AM","72.92","0","0"
"278","03/01/2020 2:00 AM","73.08","2.95","2"
"279","03/01/2020 2:05 AM","74.84","4.9","3"
"280","03/01/2020 2:10 AM","74.21","4.87","3"
"281","03/01/2020 2:15 AM","73.96","4.55","2"
"282","03/01/2020 2:20 AM","71.6","0.18","0"
"283","03/01/2020 2:25 AM","71.57","0","0"
"284","03/01/2020 2:30 AM","71.57","0","0"
"285","03/01/2020 2:35 AM","71.57","0","0"
"286","03/01/2020 2:40 AM","71.57","0","0"
"287","03/01/2020 2:45 AM","71.57","0","0"
"288","03/01/2020 2:50 AM","71.57","0","0"
"289","03/01/2020 2:55 AM","71.54","0","0"
"290","03/01/2020 3:00 AM","71.57","0","0"
"291","03/01/2020 3:05 AM","71.51","0","0"
"292","03/01/2020 3:10 AM","71.54","0","0"
"293","03/01/2020 3:15 AM","71.48","0","0"
"294","03/01/2020 3:20 AM","71.51","0","0"
"295","03/01/2020 3:25 AM","71.57","0","0"
"296","03/01/2020 3:30 AM","71.51","0","0"
"297","03/01/2020 3:35 AM","71.41","0","0"
"298","03/01/2020 3:40 AM","71.54","0","0"
"299","03/01/2020 3:45 AM","71.54","0","0"
"300","03/01/2020 3:50 AM","71.48","0","0"
"301","03/01/2020 3:55 AM","71.48","0","0"
"302","03/01/2020 4:00 AM","71.48","0","0"
"303","03/01/2020 4:05 AM","71.41","0","0"
"304","03/01/2020 4:10 AM","71.29","2.48","1"
"305","03/01/2020 4:15 AM","72.7","4.98","3"
"306","03/01/2020 4:20 AM","71.7","4.95","3"
"307","03/01/2020 4:25 AM","72.11","4.93","3"
"308","03/01/2020 4:30 AM","71.26","4.92","3"
"309","03/01/2020 4:35 AM","70.12","4.9","3"
"310","03/01/2020 4:40 AM","70.16","4.93","3"
"311","03/01/2020 4:45 AM","67.36","1.98","0"
"312","03/01/2020 4:50 AM","67.23","0","0"
"313","03/01/2020 4:55 AM","66.91","0","0"
"314","03/01/2020 5:00 AM","66.66","0","0"
"315","03/01/2020 5:05 AM","66.38","0","0"
"316","03/01/2020 5:10 AM","66.22","0","0"
"317","03/01/2020 5:15 AM","66.13","0","0"
"318","03/01/2020 5:20 AM","66.1","0","0"
"319","03/01/2020 5:25 AM","66.13","0","0"
"320","03/01/2020 5:30 AM","66.1","0","0"
"321","03/01/2020 5:35 AM","66.1","0","0"
"322","03/01/2020 5:40 AM","66.1","0","0"
"323","03/01/2020 5:45 AM","66.19","0","0"
"324","03/01/2020 5:50 AM","66.07","0","0"
"325","03/01/2020 5:55 AM","66.41","1.47","1"
"326","03/01/2020 6:00 AM","68.55","4.85","4"
"327","03/01/2020 6:05 AM","67.42","4.98","4"
"328","03/01/2020 6:10 AM","66.35","4.88","4"
"329","03/01/2020 6:15 AM","66","4.92","3"
"330","03/01/2020 6:20 AM","65.97","4.93","3"
"331","03/01/2020 6:25 AM","65","4.92","4"
"332","03/01/2020 6:30 AM","65.06","4.9","3"
"333","03/01/2020 6:35 AM","61.25","1.83","1"
"334","03/01/2020 6:40 AM","60.72","0.13","0"
"335","03/01/2020 6:45 AM","61.88","4.92","2"
"336","03/01/2020 6:50 AM","60.62","4.9","0"
"337","03/01/2020 6:55 AM","61.47","4.92","3"
"338","03/01/2020 7:00 AM","62.13","3.57","2"
"339","03/01/2020 7:05 AM","59.18","0","0"
"340","03/01/2020 7:10 AM","59.18","0","0"
"341","03/01/2020 7:15 AM","59.21","0","0"
"342","03/01/2020 7:20 AM","59.18","0","0"
"343","03/01/2020 7:25 AM","59.18","0","0"
"344","03/01/2020 7:30 AM","59.18","0","0"
"345","03/01/2020 7:35 AM","59.14","0","0"
"346","03/01/2020 7:40 AM","59.14","0","0"
"347","03/01/2020 7:45 AM","59.02","0","0"
"348","03/01/2020 7:50 AM","59.02","0","0"
"349","03/01/2020 7:55 AM","58.8","0","0"
"350","03/01/2020 8:00 AM","58.86","0","0"
"351","03/01/2020 8:05 AM","58.8","0","0"
"352","03/01/2020 8:10 AM","58.74","0","0"
"353","03/01/2020 8:15 AM","58.7","0","0"
"354","03/01/2020 8:20 AM","58.67","1.03","1"
"355","03/01/2020 8:25 AM","61.88","4.93","0"
"356","03/01/2020 8:30 AM","57.79","4.85","0"
"357","03/01/2020 8:35 AM","62.67","4.92","0"
"358","03/01/2020 8:40 AM","63.23","4.87","0"
"359","03/01/2020 8:45 AM","59.08","4.52","0"
"360","03/01/2020 8:50 AM","59.18","4.63","0"
"361","03/01/2020 8:55 AM","59.18","3.2","2"
"362","03/01/2020 9:00 AM","57.92","4.5","2"
"363","03/01/2020 9:05 AM","59.87","3.12","0"
"364","03/01/2020 9:10 AM","58.83","0.32","1"
"365","03/01/2020 9:15 AM","57.73","3","3"
"366","03/01/2020 9:20 AM","56.75","4.97","2"
"367","03/01/2020 9:25 AM","57.73","4.92","2"
"368","03/01/2020 9:30 AM","57.85","4.92","3"
"369","03/01/2020 9:35 AM","56.22","4.88","1"
"370","03/01/2020 9:40 AM","56.44","4.25","2"
"371","03/01/2020 9:45 AM","55.12","0.43","0"
"372","03/01/2020 9:50 AM","55.21","0.37","0"
"373","03/01/2020 9:55 AM","55.05","0","0"
"374","03/01/2020 10:00 AM","55.09","0","0"
"375","03/01/2020 10:05 AM","55.05","3.7","1"
"376","03/01/2020 10:10 AM","54.3","4.97","2"
"377","03/01/2020 10:15 AM","53.76","4.87","2"
"378","03/01/2020 10:20 AM","54.93","4.93","3"
"379","03/01/2020 10:25 AM","53.54","4.9","2"
"380","03/01/2020 10:30 AM","54.68","4.52","2"
"381","03/01/2020 10:35 AM","53.64","1.93","3"
"382","03/01/2020 10:40 AM","53.7","0","0"
"383","03/01/2020 10:45 AM","53.67","0","0"
"384","03/01/2020 10:50 AM","53.7","0","0"
"385","03/01/2020 10:55 AM","53.67","0.88","1"
"386","03/01/2020 11:00 AM","51.34","0","0"
"387","03/01/2020 11:05 AM","126.56","0.43","1"
"388","03/01/2020 11:10 AM","129.24","4.95","4"
"389","03/01/2020 11:15 AM","129.21","4.88","3"
"390","03/01/2020 11:20 AM","128.2","4.97","3"
"391","03/01/2020 11:25 AM","127.19","4.98","4"
"392","03/01/2020 11:30 AM","124.9","4.95","4"
"393","03/01/2020 11:35 AM","126.34","4.95","4"
"394","03/01/2020 11:40 AM","125.78","4.72","1"
"395","03/01/2020 11:45 AM","122.47","1.75","0"
"396","03/01/2020 11:50 AM","122.5","0","0"
"397","03/01/2020 11:55 AM","122.5","0","0"
"398","03/01/2020 12:00 PM","122.47","0","0"
"399","03/01/2020 12:05 PM","122.47","0","0"
"400","03/01/2020 12:10 PM","125.15","1.42","3"
"401","03/01/2020 12:15 PM","125.18","4.97","3"
"402","03/01/2020 12:20 PM","124.39","4.97","4"
"403","03/01/2020 12:25 PM","123.2","4.98","4"
"404","03/01/2020 12:30 PM","123.13","4.93","3"
"405","03/01/2020 12:35 PM","121.03","4.98","4"
"406","03/01/2020 12:40 PM","122.44","4.95","3"
"407","03/01/2020 12:45 PM","121.21","4.92","4"
"408","03/01/2020 12:50 PM","121.28","4.98","2"
"409","03/01/2020 12:55 PM","119.2","3.07","1"
"410","03/01/2020 1:00 PM","119.42","0","0"
"411","03/01/2020 1:05 PM","119.3","0","0"
"412","03/01/2020 1:10 PM","119.2","0","0"
"413","03/01/2020 1:15 PM","119.01","0","0"
"414","03/01/2020 1:20 PM","119.04","0","0"
"415","03/01/2020 1:25 PM","119.01","0","0"
"416","03/01/2020 1:30 PM","118.98","0","0"
"417","03/01/2020 1:35 PM","118.95","0","0"
"418","03/01/2020 1:40 PM","118.95","0","0"
"419","03/01/2020 1:45 PM","118.92","0","0"
"420","03/01/2020 1:50 PM","118.85","0","0"
"421","03/01/2020 1:55 PM","118.89","0","0"
"422","03/01/2020 2:00 PM","118.92","0","0"
"423","03/01/2020 2:05 PM","118.95","0","0"
"424","03/01/2020 2:10 PM","118.89","0","0"
"425","03/01/2020 2:15 PM","118.85","0","0"
"426","03/01/2020 2:20 PM","118.95","0","0"
"427","03/01/2020 2:25 PM","118.95","0","0"
"428","03/01/2020 2:30 PM","118.95","0","0"
"429","03/01/2020 2:35 PM","118.92","0","0"
"430","03/01/2020 2:40 PM","118.92","0","0"
"431","03/01/2020 2:45 PM","118.98","0.35","1"
"432","03/01/2020 2:50 PM","117","0","0"
"433","03/01/2020 2:55 PM","117","0","0"
"434","03/01/2020 3:00 PM","117","0","0"
"435","03/01/2020 3:05 PM","117","0","0"
"436","03/01/2020 3:10 PM","119.74","2.42","2"
"437","03/01/2020 3:15 PM","119.8","4.98","3"
"438","03/01/2020 3:20 PM","118.51","4.92","3"
"439","03/01/2020 3:25 PM","116.28","4.98","3"
"440","03/01/2020 3:30 PM","116.97","4.92","3"
"441","03/01/2020 3:35 PM","117","4.97","3"
"442","03/01/2020 3:40 PM","114.23","4.75","0"
"443","03/01/2020 3:45 PM","114.23","4.42","0"
"444","03/01/2020 3:50 PM","114.14","0","0"
"445","03/01/2020 3:55 PM","113.98","0","0"
"446","03/01/2020 4:00 PM","113.92","0","0"
"447","03/01/2020 4:05 PM","113.88","0","0"
"448","03/01/2020 4:10 PM","113.73","0","0"
"449","03/01/2020 4:15 PM","113.6","0","0"
"450","03/01/2020 4:20 PM","113.48","0","0"
"451","03/01/2020 4:25 PM","113.44","0","0"
"452","03/01/2020 4:30 PM","113.41","0","0"
"453","03/01/2020 4:35 PM","113.35","0","0"
"454","03/01/2020 4:40 PM","113.32","0","0"
"455","03/01/2020 4:45 PM","113.32","0","0"
"456","03/01/2020 4:50 PM","113.35","0","0"
"457","03/01/2020 4:55 PM","113.35","0","0"
"458","03/01/2020 5:00 PM","113.41","0","0"
"459","03/01/2020 5:05 PM","113.41","0","0"
"460","03/01/2020 5:10 PM","113.35","0","0"
"461","03/01/2020 5:15 PM","113.38","0","0"
"462","03/01/2020 5:20 PM","114.67","1.13","1"
"463","03/01/2020 5:25 PM","116.65","4.93","2"
"464","03/01/2020 5:30 PM","115.68","4.95","3"
"465","03/01/2020 5:35 PM","115.58","4.95","2"
"466","03/01/2020 5:40 PM","113.79","4.9","3"
"467","03/01/2020 5:45 PM","112.5","4.97","3"
"468","03/01/2020 5:50 PM","111.49","4.97","3"
"469","03/01/2020 5:55 PM","110.8","4.92","2"
"470","03/01/2020 6:00 PM","112.12","4.95","3"
"471","03/01/2020 6:05 PM","111.9","4.92","3"
"472","03/01/2020 6:10 PM","111.56","4.93","3"
"473","03/01/2020 6:15 PM","111.43","4.9","3"
"474","03/01/2020 6:20 PM","110.99","4.92","2"
"475","03/01/2020 6:25 PM","110.17","4.98","3"
"476","03/01/2020 6:30 PM","107.78","4.98","3"
"477","03/01/2020 6:35 PM","107.25","4.93","6"
"478","03/01/2020 6:40 PM","108.35","4.92","4"
"479","03/01/2020 6:45 PM","107.56","4.97","3"
"480","03/01/2020 6:50 PM","106.96","4.95","3"
"481","03/01/2020 6:55 PM","104.64","4.87","0"
"482","03/01/2020 7:00 PM","104.6","3.17","0"
"483","03/01/2020 7:05 PM","101.87","4.52","0"
"484","03/01/2020 7:10 PM","103.22","4.93","1"
"485","03/01/2020 7:15 PM","102.94","2.53","1"
"486","03/01/2020 7:20 PM","101.93","0","0"
"487","03/01/2020 7:25 PM","101.93","0","0"
"488","03/01/2020 7:30 PM","101.93","0","0"
"489","03/01/2020 7:35 PM","101.93","0","0"
"490","03/01/2020 7:40 PM","105.04","2.93","2"
"491","03/01/2020 7:45 PM","105.42","4.92","3"
"492","03/01/2020 7:50 PM","104.79","4.88","4"
"493","03/01/2020 7:55 PM","102.72","4.95","3"
"494","03/01/2020 8:00 PM","102.06","4.95","3"
"495","03/01/2020 8:05 PM","101.84","1.63","1"
"496","03/01/2020 8:10 PM","99.88","0","0"
"497","03/01/2020 8:15 PM","99.7","0.2","0"
"498","03/01/2020 8:20 PM","99.19","0","0"
"499","03/01/2020 8:25 PM","99.13","0","0"
"500","03/01/2020 8:30 PM","99.13","0","0"
"501","03/01/2020 8:35 PM","99.16","0","0"
"502","03/01/2020 8:40 PM","99.13","0","0"
"503","03/01/2020 8:45 PM","99.16","0","0"
"504","03/01/2020 8:50 PM","99.1","0","0"
"505","03/01/2020 8:55 PM","100.48","4.08","2"
"506","03/01/2020 9:00 PM","99.44","4.9","1"
"507","03/01/2020 9:05 PM","99.6","4.95","0"
"508","03/01/2020 9:10 PM","100.26","4.43","3"
"509","03/01/2020 9:15 PM","100.45","4.5","0"
"510","03/01/2020 9:20 PM","100.39","4.92","1"
"511","03/01/2020 9:25 PM","100.67","4.98","4"
"512","03/01/2020 9:30 PM","99.26","4.92","4"
"513","03/01/2020 9:35 PM","99.19","4.9","4"
"514","03/01/2020 9:40 PM","98.85","4.92","4"
"515","03/01/2020 9:45 PM","98.47","4.97","4"
"516","03/01/2020 9:50 PM","97.43","4.95","2"
"517","03/01/2020 9:55 PM","96.27","4.9","4"
"518","03/01/2020 10:00 PM","96.02","4.95","3"
"519","03/01/2020 10:05 PM","95.67","4.87","3"
"520","03/01/2020 10:10 PM","92.21","1.12","0"
"521","03/01/2020 10:15 PM","92.24","0","0"
"522","03/01/2020 10:20 PM","92.77","1.92","2"
"523","03/01/2020 10:25 PM","94.88","4.85","4"
"524","03/01/2020 10:30 PM","92.93","4.98","3"
"525","03/01/2020 10:35 PM","92.93","4.95","1"
"526","03/01/2020 10:40 PM","91.39","4.87","1"
"527","03/01/2020 10:45 PM","90.57","4.5","0"
"528","03/01/2020 10:50 PM","89.41","4.8","0"
"529","03/01/2020 10:55 PM","88.21","4.93","0"
"530","03/01/2020 11:00 PM","91.61","4.9","2"
"531","03/01/2020 11:05 PM","89.82","4.95","2"
"532","03/01/2020 11:10 PM","90.1","3.52","1"
"533","03/01/2020 11:15 PM","86.73","0","0"
"534","03/01/2020 11:20 PM","86.7","0","0"
"535","03/01/2020 11:25 PM","86.73","0","0"
"536","03/01/2020 11:30 PM","86.7","0","0"
"537","03/01/2020 11:35 PM","86.7","0","0"
"538","03/01/2020 11:40 PM","86.7","0","0"
"539","03/01/2020 11:45 PM","86.7","0","0"
"540","03/01/2020 11:50 PM","86.7","0","0"
"541","03/01/2020 11:55 PM","86.7","0","0"
"542","04/01/2020 12:00 AM","86.7","0","0"
"543","04/01/2020 12:05 AM","86.7","0","0"
"544","04/01/2020 12:10 AM","86.7","0","0"
"545","04/01/2020 12:15 AM","86.7","0","0"
"546","04/01/2020 12:20 AM","86.73","0","0"
"547","04/01/2020 12:25 AM","86.7","0","0"
"548","04/01/2020 12:30 AM","87.99","1.38","0"
"549","04/01/2020 12:35 AM","88.06","0","0"
"550","04/01/2020 12:40 AM","88.06","0","0"
"551","04/01/2020 12:45 AM","88.09","0","0"
"552","04/01/2020 12:50 AM","88.06","0","0"
"553","04/01/2020 12:55 AM","88.06","0","0"
"554","04/01/2020 1:00 AM","88.06","0","0"
"555","04/01/2020 1:05 AM","88.09","0","0"
"556","04/01/2020 1:10 AM","88.06","0","0"
"557","04/01/2020 1:15 AM","88.06","0","0"
"558","04/01/2020 1:20 AM","88.09","0","0"
"559","04/01/2020 1:25 AM","88.09","0","0"
"560","04/01/2020 1:30 AM","88.02","0","0"
"561","04/01/2020 1:35 AM","88.09","0","0"
"562","04/01/2020 1:40 AM","88.12","0","0"
"563","04/01/2020 1:45 AM","88.09","0","0"
"564","04/01/2020 1:50 AM","88.02","0","0"
"565","04/01/2020 1:55 AM","88.09","0","0"
"566","04/01/2020 2:00 AM","88.06","0","0"
"567","04/01/2020 2:05 AM","88.02","0","0"
"568","04/01/2020 2:10 AM","88.06","0","0"
"569","04/01/2020 2:15 AM","88.06","0","0"
"570","04/01/2020 2:20 AM","88.02","0","0"
"571","04/01/2020 2:25 AM","88.06","0","0"
"572","04/01/2020 2:30 AM","88.06","0","0"
"573","04/01/2020 2:35 AM","88.06","0","0"
"574","04/01/2020 2:40 AM","88.06","0","0"
"575","04/01/2020 2:45 AM","88.02","0","0"
"576","04/01/2020 2:50 AM","88.06","0","0"
"577","04/01/2020 2:55 AM","88.06","0","0"
"578","04/01/2020 3:00 AM","88.06","0","0"
"579","04/01/2020 3:05 AM","88.02","0","0"
"580","04/01/2020 3:10 AM","88.02","0","0"
"581","04/01/2020 3:15 AM","88.06","0","0"
"582","04/01/2020 3:20 AM","88.02","0","0"
"583","04/01/2020 3:25 AM","88.06","0","0"
"584","04/01/2020 3:30 AM","87.96","0","0"
"585","04/01/2020 3:35 AM","88.02","0","0"
"586","04/01/2020 3:40 AM","87.99","0","0"
"587","04/01/2020 3:45 AM","88.02","0","0"
"588","04/01/2020 3:50 AM","87.93","0","0"
"589","04/01/2020 3:55 AM","88.06","0","0"
"590","04/01/2020 4:00 AM","87.99","0","0"
"591","04/01/2020 4:05 AM","88.06","0","0"
"592","04/01/2020 4:10 AM","88.02","0","0"
"593","04/01/2020 4:15 AM","87.99","0","0"
"594","04/01/2020 4:20 AM","88.02","0","0"
"595","04/01/2020 4:25 AM","88.09","0","0"
"596","04/01/2020 4:30 AM","88.02","0","0"
"597","04/01/2020 4:35 AM","88.02","0","0"
"598","04/01/2020 4:40 AM","87.99","0","0"
"599","04/01/2020 4:45 AM","88.02","0","0"
"600","04/01/2020 4:50 AM","87.99","0","0"
"601","04/01/2020 4:55 AM","88.02","0","0"
"602","04/01/2020 5:00 AM","88.02","0","0"
"603","04/01/2020 5:05 AM","87.99","0","0"
"604","04/01/2020 5:10 AM","88.02","0","0"
"605","04/01/2020 5:15 AM","87.96","0","0"
"606","04/01/2020 5:20 AM","87.96","0","0"
"607","04/01/2020 5:25 AM","87.96","0","0"
"608","04/01/2020 5:30 AM","87.96","0","0"
"609","04/01/2020 5:35 AM","87.99","0","0"
"610","04/01/2020 5:40 AM","87.99","0","0"
"611","04/01/2020 5:45 AM","87.96","0","0"
"612","04/01/2020 5:50 AM","88.02","0","0"
"613","04/01/2020 5:55 AM","87.96","0","0"
"614","04/01/2020 6:00 AM","87.96","0","0"
"615","04/01/2020 6:05 AM","88.02","0","0"
"616","04/01/2020 6:10 AM","87.96","0","0"
"617","04/01/2020 6:15 AM","87.96","0","0"
"618","04/01/2020 6:20 AM","87.93","0","0"
"619","04/01/2020 6:25 AM","88.02","0","0"
"620","04/01/2020 6:30 AM","87.99","0","0"
"621","04/01/2020 6:35 AM","87.99","0","0"
"622","04/01/2020 6:40 AM","87.96","0","0"
"623","04/01/2020 6:45 AM","88.02","0","0"
"624","04/01/2020 6:50 AM","87.99","0","0"
"625","04/01/2020 6:55 AM","87.96","0","0"
"626","04/01/2020 7:00 AM","88.02","0","0"
"627","04/01/2020 7:05 AM","87.93","0","0"
"628","04/01/2020 7:10 AM","87.96","0","0"
"629","04/01/2020 7:15 AM","87.93","0","0"
"630","04/01/2020 7:20 AM","87.87","0","0"
"631","04/01/2020 7:25 AM","87.93","0","0"
"632","04/01/2020 7:30 AM","87.9","0","0"
"633","04/01/2020 7:35 AM","87.93","0","0"
"634","04/01/2020 7:40 AM","87.93","0","0"
"635","04/01/2020 7:45 AM","87.93","0","0"
"636","04/01/2020 7:50 AM","87.87","0","0"
"637","04/01/2020 7:55 AM","87.9","0","0"
"638","04/01/2020 8:00 AM","87.93","0","0"
"639","04/01/2020 8:05 AM","87.9","0","0"
"640","04/01/2020 8:10 AM","87.87","0","0"
"641","04/01/2020 8:15 AM","87.87","0.28","0"
"642","04/01/2020 8:20 AM","87.77","4.92","0"
"643","04/01/2020 8:25 AM","89.28","4.9","3"
"644","04/01/2020 8:30 AM","89.19","4.98","3"
"645","04/01/2020 8:35 AM","88.09","4.98","3"
"646","04/01/2020 8:40 AM","87.58","4.92","3"
"647","04/01/2020 8:45 AM","85.41","0.82","0"
"648","04/01/2020 8:50 AM","85.32","0","0"
"649","04/01/2020 8:55 AM","86.11","2.23","1"
"650","04/01/2020 9:00 AM","85.82","2.28","1"
"651","04/01/2020 9:05 AM","83.93","0","0"
"652","04/01/2020 9:10 AM","84.85","3.07","1"
"653","04/01/2020 9:15 AM","85.54","4.43","1"
"654","04/01/2020 9:20 AM","83.97","0","0"
"655","04/01/2020 9:25 AM","83.97","0","0"
"656","04/01/2020 9:30 AM","83.97","0","0"
"657","04/01/2020 9:35 AM","83.97","0","0"
"658","04/01/2020 9:40 AM","83.97","0","0"
"659","04/01/2020 9:45 AM","83.93","0","0"
"660","04/01/2020 9:50 AM","83.97","0","0"
"661","04/01/2020 9:55 AM","83.93","0","0"
"662","04/01/2020 10:00 AM","83.93","0","0"
"663","04/01/2020 10:05 AM","83.93","0","0"
"664","04/01/2020 10:10 AM","83.97","0","0"
"665","04/01/2020 10:15 AM","84","0","0"
"666","04/01/2020 10:20 AM","86.48","3.73","2"
"667","04/01/2020 10:25 AM","86.17","4.97","2"
"668","04/01/2020 10:30 AM","83.18","4.95","3"
"669","04/01/2020 10:35 AM","83.05","4.92","4"
"670","04/01/2020 10:40 AM","83.34","4.98","3"
"671","04/01/2020 10:45 AM","83.59","2.63","2"
"672","04/01/2020 10:50 AM","81.17","0","0"
"673","04/01/2020 10:55 AM","81.13","0","0"
"674","04/01/2020 11:00 AM","81.1","0","0"
"675","04/01/2020 11:05 AM","81.04","0","0"
"676","04/01/2020 11:10 AM","80.95","0","0"
"677","04/01/2020 11:15 AM","80.91","0","0"
"678","04/01/2020 11:20 AM","80.79","0","0"
"679","04/01/2020 11:25 AM","80.69","0","0"
"680","04/01/2020 11:30 AM","80.69","0","0"
"681","04/01/2020 11:35 AM","80.66","0","0"
"682","04/01/2020 11:40 AM","80.66","0","0"
"683","04/01/2020 11:45 AM","80.57","0.27","0"
"684","04/01/2020 11:50 AM","82.74","4.98","3"
"685","04/01/2020 11:55 AM","82.52","4.95","3"
"686","04/01/2020 12:00 PM","80.13","4.9","3"
"687","04/01/2020 12:05 PM","79.28","4.98","4"
"688","04/01/2020 12:10 PM","78.9","4.97","4"
"689","04/01/2020 12:15 PM","77.11","1.22","0"
"690","04/01/2020 12:20 PM","77.08","0","0"
"691","04/01/2020 12:25 PM","77.11","0","0"
"692","04/01/2020 12:30 PM","79.47","2.2","4"
"693","04/01/2020 12:35 PM","78.81","4.98","5"
"694","04/01/2020 12:40 PM","77.08","4.92","4"
"695","04/01/2020 12:45 PM","76.73","4.98","4"
"696","04/01/2020 12:50 PM","76.7","4.98","5"
"697","04/01/2020 12:55 PM","76.04","4.93","5"
"698","04/01/2020 1:00 PM","75.35","1.12","2"
"699","04/01/2020 1:05 PM","72.96","0","0"
"700","04/01/2020 1:10 PM","72.96","0","0"
"701","04/01/2020 1:15 PM","72.92","0","0"
"702","04/01/2020 1:20 PM","72.92","0","0"
"703","04/01/2020 1:25 PM","72.96","0","0"
"704","04/01/2020 1:30 PM","72.92","0","0"
"705","04/01/2020 1:35 PM","72.99","0","0"
"706","04/01/2020 1:40 PM","72.96","0","0"
"707","04/01/2020 1:45 PM","72.96","0","0"
"708","04/01/2020 1:50 PM","72.96","0","0"
"709","04/01/2020 1:55 PM","72.96","0","0"
"710","04/01/2020 2:00 PM","72.92","0","0"
"711","04/01/2020 2:05 PM","72.96","0","0"
"712","04/01/2020 2:10 PM","72.96","0","0"
"713","04/01/2020 2:15 PM","75.16","1.58","3"
"714","04/01/2020 2:20 PM","75.6","4.98","5"
"715","04/01/2020 2:25 PM","74.24","4.98","3"
"716","04/01/2020 2:30 PM","73.02","4.85","1"
"717","04/01/2020 2:35 PM","72.67","4.97","4"
"718","04/01/2020 2:40 PM","71.67","4.93","5"
"719","04/01/2020 2:45 PM","70.34","4.92","5"
"720","04/01/2020 2:50 PM","69.62","4.92","5"
"721","04/01/2020 2:55 PM","69.87","4.97","5"
"722","04/01/2020 3:00 PM","69.93","4.87","5"
"723","04/01/2020 3:05 PM","69.24","4.85","4"
"724","04/01/2020 3:10 PM","67.42","0","0"
"725","04/01/2020 3:15 PM","67.42","0","0"
"726","04/01/2020 3:20 PM","67.42","0","0"
"727","04/01/2020 3:25 PM","67.1","2.27","3"
"728","04/01/2020 3:30 PM","64.71","4.58","0"
"729","04/01/2020 3:35 PM","67.36","2.35","2"
"730","04/01/2020 3:40 PM","67.45","0","0"
"731","04/01/2020 3:45 PM","67.42","0","0"
"732","04/01/2020 3:50 PM","67.04","1.12","1"
"733","04/01/2020 3:55 PM","66.07","0.22","0"
"734","04/01/2020 4:00 PM","126.44","0.13","0"
"735","04/01/2020 4:05 PM","126.59","4.9","3"
"736","04/01/2020 4:10 PM","127.25","4.93","5"
"737","04/01/2020 4:15 PM","126.66","4.9","5"
"738","04/01/2020 4:20 PM","125.12","4.98","5"
"739","04/01/2020 4:25 PM","125.24","4.63","2"
"740","04/01/2020 4:30 PM","123.83","3.77","0"
"741","04/01/2020 4:35 PM","122.47","0","0"
"742","04/01/2020 4:40 PM","122.54","0","0"
"743","04/01/2020 4:45 PM","122.47","0","0"
"744","04/01/2020 4:50 PM","122.47","0","0"
"745","04/01/2020 4:55 PM","122.47","0","0"
"746","04/01/2020 5:00 PM","122.47","0","0"
"747","04/01/2020 5:05 PM","122.5","0","0"
"748","04/01/2020 5:10 PM","122.5","0","0"
"749","04/01/2020 5:15 PM","122.47","0","0"
"750","04/01/2020 5:20 PM","122.47","0","0"
"751","04/01/2020 5:25 PM","122.47","0","0"
"752","04/01/2020 5:30 PM","122.5","0","0"
"753","04/01/2020 5:35 PM","122.47","0","0"
"754","04/01/2020 5:40 PM","122.47","0","0"
"755","04/01/2020 5:45 PM","122.54","0","0"
"756","04/01/2020 5:50 PM","122.47","0","0"
"757","04/01/2020 5:55 PM","122.47","0","0"
"758","04/01/2020 6:00 PM","122.5","0","0"
"759","04/01/2020 6:05 PM","122.54","0","0"
"760","04/01/2020 6:10 PM","122.5","0","0"
"761","04/01/2020 6:15 PM","122.47","0","0"
"762","04/01/2020 6:20 PM","122.47","0","0"
"763","04/01/2020 6:25 PM","122.47","0","0"
"764","04/01/2020 6:30 PM","122.47","0","0"
"765","04/01/2020 6:35 PM","122.47","0","0"
"766","04/01/2020 6:40 PM","122.47","0","0"
"767","04/01/2020 6:45 PM","122.47","0","0"
"768","04/01/2020 6:50 PM","122.5","0","0"
"769","04/01/2020 6:55 PM","122.47","0","0"
"770","04/01/2020 7:00 PM","122.5","0","0"
"771","04/01/2020 7:05 PM","122.47","0","0"
"772","04/01/2020 7:10 PM","122.5","0","0"
"773","04/01/2020 7:15 PM","122.47","0","0"
"774","04/01/2020 7:20 PM","122.47","0","0"
"775","04/01/2020 7:25 PM","122.6","0","0"
"776","04/01/2020 7:30 PM","122.47","0","0"
"777","04/01/2020 7:35 PM","122.47","0","0"
"778","04/01/2020 7:40 PM","122.5","0","0"
"779","04/01/2020 7:45 PM","122.5","0","0"
"780","04/01/2020 7:50 PM","122.47","0","0"
"781","04/01/2020 7:55 PM","122.47","0","0"
"782","04/01/2020 8:00 PM","122.5","0","0"
"783","04/01/2020 8:05 PM","122.5","0","0"
"784","04/01/2020 8:10 PM","122.47","0","0"
"785","04/01/2020 8:15 PM","122.47","0","0"
"786","04/01/2020 8:20 PM","122.54","0","0"
"787","04/01/2020 8:25 PM","122.47","0","0"
"788","04/01/2020 8:30 PM","122.47","0","0"
"789","04/01/2020 8:35 PM","122.47","0","0"
"790","04/01/2020 8:40 PM","122.5","0","0"
"791","04/01/2020 8:45 PM","122.47","0","0"
"792","04/01/2020 8:50 PM","122.47","0","0"
"793","04/01/2020 8:55 PM","122.5","0","0"
"794","04/01/2020 9:00 PM","122.5","0","0"
"795","04/01/2020 9:05 PM","122.5","0","0"
"796","04/01/2020 9:10 PM","122.5","0","0"
"797","04/01/2020 9:15 PM","122.47","3.07","1"
"798","04/01/2020 9:20 PM","122.44","4.93","1"
"799","04/01/2020 9:25 PM","121.25","3.18","1"
"800","04/01/2020 9:30 PM","119.77","4.97","0"
"801","04/01/2020 9:35 PM","119.74","4.92","0"
"802","04/01/2020 9:40 PM","119.74","4.52","0"
"803","04/01/2020 9:45 PM","119.74","4.9","0"
"804","04/01/2020 9:50 PM","121.56","4.85","2"
"805","04/01/2020 9:55 PM","120.74","4.98","1"
"806","04/01/2020 10:00 PM","122.57","4.9","3"
"807","04/01/2020 10:05 PM","120.74","2.97","1"
"808","04/01/2020 10:10 PM","118.38","1.1","1"
"809","04/01/2020 10:15 PM","120.3","4.85","2"
"810","04/01/2020 10:20 PM","117.88","0.3","0"
"811","04/01/2020 10:25 PM","117.57","0","0"
"812","04/01/2020 10:30 PM","117.44","0","0"
"813","04/01/2020 10:35 PM","117.38","0","0"
"814","04/01/2020 10:40 PM","117.31","0","0"
"815","04/01/2020 10:45 PM","117.28","0","0"
"816","04/01/2020 10:50 PM","117.25","0","0"
"817","04/01/2020 10:55 PM","117.22","0","0"
"818","04/01/2020 11:00 PM","117.22","0","0"
"819","04/01/2020 11:05 PM","117.19","0","0"
"820","04/01/2020 11:10 PM","117.16","0","0"
"821","04/01/2020 11:15 PM","117.19","0","0"
"822","04/01/2020 11:20 PM","117.16","0","0"
"823","04/01/2020 11:25 PM","117.16","0","0"
"824","04/01/2020 11:30 PM","117.19","0","0"
"825","04/01/2020 11:35 PM","117.12","0","0"
"826","04/01/2020 11:40 PM","117.12","0","0"
"827","04/01/2020 11:45 PM","117.16","0","0"
"828","04/01/2020 11:50 PM","119.42","2.4","0"
"829","04/01/2020 11:55 PM","119.52","4.87","0"
"830","05/01/2020 12:00 AM","116.94","4.58","0"
"831","05/01/2020 12:05 AM","118.1","4.88","2"
"832","05/01/2020 12:10 AM","115.83","1.25","0"
"833","05/01/2020 12:15 AM","115.71","0","0"
"834","05/01/2020 12:20 AM","115.71","0","0"
"835","05/01/2020 12:25 AM","115.68","0","0"
"836","05/01/2020 12:30 AM","115.71","0","0"
"837","05/01/2020 12:35 AM","115.68","0","0"
"838","05/01/2020 12:40 AM","115.65","0","0"
"839","05/01/2020 12:45 AM","117.72","2.35","2"
"840","05/01/2020 12:50 AM","117.38","4.97","3"
"841","05/01/2020 12:55 AM","119.2","4.92","3"
"842","05/01/2020 1:00 AM","118.29","4.9","3"
"843","05/01/2020 1:05 AM","117.06","4.98","4"
"844","05/01/2020 1:10 AM","116.34","4.92","3"
"845","05/01/2020 1:15 AM","114.83","4.95","3"
"846","05/01/2020 1:20 AM","114.23","3.35","0"
"847","05/01/2020 1:25 AM","114.23","0","0"
"848","05/01/2020 1:30 AM","114.23","0","0"
"849","05/01/2020 1:35 AM","114.23","0","0"
"850","05/01/2020 1:40 AM","114.17","3.82","2"
"851","05/01/2020 1:45 AM","114.86","4.97","3"
"852","05/01/2020 1:50 AM","114.32","4.92","3"
"853","05/01/2020 1:55 AM","112.81","4.12","1"
"854","05/01/2020 2:00 AM","112.66","0","0"
"855","05/01/2020 2:05 AM","112.47","0","0"
"856","05/01/2020 2:10 AM","112.41","0","0"
"857","05/01/2020 2:15 AM","112.22","0","0"
"858","05/01/2020 2:20 AM","112.12","0","0"
"859","05/01/2020 2:25 AM","112","0","0"
"860","05/01/2020 2:30 AM","111.97","0","0"
"861","05/01/2020 2:35 AM","111.93","0","0"
"862","05/01/2020 2:40 AM","111.97","0","0"
"863","05/01/2020 2:45 AM","111.87","0","0"
"864","05/01/2020 2:50 AM","111.87","1.1","0"
"865","05/01/2020 2:55 AM","113.95","4.92","2"
"866","05/01/2020 3:00 AM","111.46","4.92","3"
"867","05/01/2020 3:05 AM","112.81","4.57","2"
"868","05/01/2020 3:10 AM","110.14","4.85","1"
"869","05/01/2020 3:15 AM","110.08","4.92","3"
"870","05/01/2020 3:20 AM","111.18","4.95","4"
"871","05/01/2020 3:25 AM","110.93","4.92","4"
"872","05/01/2020 3:30 AM","109.73","4.88","3"
"873","05/01/2020 3:35 AM","105.96","4.92","0"
"874","05/01/2020 3:40 AM","106.68","4.88","1"
"875","05/01/2020 3:45 AM","105.89","4.82","2"
"876","05/01/2020 3:50 AM","104.64","3.02","0"
"877","05/01/2020 3:55 AM","104.6","0","0"
"878","05/01/2020 4:00 AM","107.53","3.8","4"
"879","05/01/2020 4:05 AM","106.4","4.92","4"
"880","05/01/2020 4:10 AM","106.08","4.98","4"
"881","05/01/2020 4:15 AM","105.39","4.98","4"
"882","05/01/2020 4:20 AM","104.82","4.92","4"
"883","05/01/2020 4:25 AM","104.48","4.98","4"
"884","05/01/2020 4:30 AM","101.3","1.77","1"
"885","05/01/2020 4:35 AM","100.45","0","0"
"886","05/01/2020 4:40 AM","100.48","0","0"
"887","05/01/2020 4:45 AM","100.7","2.33","3"
"888","05/01/2020 4:50 AM","102.53","4.92","4"
"889","05/01/2020 4:55 AM","101.65","4.97","4"
"890","05/01/2020 5:00 AM","100.42","4.95","4"
"891","05/01/2020 5:05 AM","100.45","4.95","4"
"892","05/01/2020 5:10 AM","98.34","4.9","4"
"893","05/01/2020 5:15 AM","98.75","4.93","4"
"894","05/01/2020 5:20 AM","98.59","4.93","4"
"895","05/01/2020 5:25 AM","95.86","2.93","2"
"896","05/01/2020 5:30 AM","94.85","0","0"
"897","05/01/2020 5:35 AM","94.73","0","0"
"898","05/01/2020 5:40 AM","94.73","0","0"
"899","05/01/2020 5:45 AM","94.54","0","0"
"900","05/01/2020 5:50 AM","94.38","0","0"
"901","05/01/2020 5:55 AM","94.25","0","0"
"902","05/01/2020 6:00 AM","94.19","0","0"
"903","05/01/2020 6:05 AM","94.13","0","0"
"904","05/01/2020 6:10 AM","94.06","0","0"
"905","05/01/2020 6:15 AM","94","0","0"
"906","05/01/2020 6:20 AM","93.91","0","0"
"907","05/01/2020 6:25 AM","93.88","0","0"
"908","05/01/2020 6:30 AM","93.84","0","0"
"909","05/01/2020 6:35 AM","93.78","0","0"
"910","05/01/2020 6:40 AM","93.81","0","0"
"911","05/01/2020 6:45 AM","93.78","0","0"
"912","05/01/2020 6:50 AM","93.75","0","0"
"913","05/01/2020 6:55 AM","93.75","0.68","0"
"914","05/01/2020 7:00 AM","96.36","4.93","3"
"915","05/01/2020 7:05 AM","94.85","4.93","3"
"916","05/01/2020 7:10 AM","93.34","4.95","3"
"917","05/01/2020 7:15 AM","93.44","4.93","3"
"918","05/01/2020 7:20 AM","91.64","4.95","3"
"919","05/01/2020 7:25 AM","91.45","4.92","3"
"920","05/01/2020 7:30 AM","89.88","4.92","2"
"921","05/01/2020 7:35 AM","89.31","4.92","3"
"922","05/01/2020 7:40 AM","88.75","4.93","3"
"923","05/01/2020 7:45 AM","87.58","0","0"
"924","05/01/2020 7:50 AM","87.36","0","0"
"925","05/01/2020 7:55 AM","87.14","0","0"
"926","05/01/2020 8:00 AM","86.92","0","0"
"927","05/01/2020 8:05 AM","86.77","0","0"
"928","05/01/2020 8:10 AM","86.73","0","0"
"929","05/01/2020 8:15 AM","86.7","0","0"
"930","05/01/2020 8:20 AM","86.77","0","0"
"931","05/01/2020 8:25 AM","86.73","0","0"
"932","05/01/2020 8:30 AM","86.73","0","0"
"933","05/01/2020 8:35 AM","86.7","0","0"
"934","05/01/2020 8:40 AM","86.73","0","0"
"935","05/01/2020 8:45 AM","86.7","0","0"
"936","05/01/2020 8:50 AM","86.77","0","0"
"937","05/01/2020 8:55 AM","86.73","0","0"
"938","05/01/2020 9:00 AM","86.73","0","0"
"939","05/01/2020 9:05 AM","86.7","0","0"
"940","05/01/2020 9:10 AM","86.7","0","0"
"941","05/01/2020 9:15 AM","86.77","0","0"
"942","05/01/2020 9:20 AM","86.7","0","0"
"943","05/01/2020 9:25 AM","86.73","0","0"
"944","05/01/2020 9:30 AM","86.73","0","0"
"945","05/01/2020 9:35 AM","86.7","0","0"
"946","05/01/2020 9:40 AM","86.73","0","0"
"947","05/01/2020 9:45 AM","86.7","0","0"
"948","05/01/2020 9:50 AM","88.09","0.63","0"
"949","05/01/2020 9:55 AM","88.09","0","0"
"950","05/01/2020 10:00 AM","88.12","0","0"
"951","05/01/2020 10:05 AM","88.12","0","0"
"952","05/01/2020 10:10 AM","88.09","0","0"
"953","05/01/2020 10:15 AM","88.12","0","0"
"954","05/01/2020 10:20 AM","88.06","0","0"
"955","05/01/2020 10:25 AM","88.09","0","0"
"956","05/01/2020 10:30 AM","88.09","0","0"
"957","05/01/2020 10:35 AM","88.09","0","0"
"958","05/01/2020 10:40 AM","88.09","0","0"
"959","05/01/2020 10:45 AM","88.12","0","0"
"960","05/01/2020 10:50 AM","88.09","0","0"
"961","05/01/2020 10:55 AM","88.09","0","0"
"962","05/01/2020 11:00 AM","88.09","0","0"
"963","05/01/2020 11:05 AM","88.09","0","0"
"964","05/01/2020 11:10 AM","88.09","0","0"
"965","05/01/2020 11:15 AM","88.09","0","0"
"966","05/01/2020 11:20 AM","88.09","0","0"
"967","05/01/2020 11:25 AM","88.12","0","0"
"968","05/01/2020 11:30 AM","88.09","0.78","1"
"969","05/01/2020 11:35 AM","88.06","1.05","4"
"970","05/01/2020 11:40 AM","88.09","1.1","2"
"971","05/01/2020 11:45 AM","88.09","0","0"
"972","05/01/2020 11:50 AM","88.09","0","0"
"973","05/01/2020 11:55 AM","88.15","0","0"
"974","05/01/2020 12:00 PM","88.09","0","0"
"975","05/01/2020 12:05 PM","88.09","0","0"
"976","05/01/2020 12:10 PM","88.15","0","0"
"977","05/01/2020 12:15 PM","88.09","0","0"
"978","05/01/2020 12:20 PM","88.09","0","0"
"979","05/01/2020 12:25 PM","88.09","0","0"
"980","05/01/2020 12:30 PM","88.09","0","0"
"981","05/01/2020 12:35 PM","88.09","0","0"
"982","05/01/2020 12:40 PM","88.09","0","0"
"983","05/01/2020 12:45 PM","88.09","0","0"
"984","05/01/2020 12:50 PM","88.09","0","0"
"985","05/01/2020 12:55 PM","88.12","0","0"
"986","05/01/2020 1:00 PM","88.12","0","0"
"987","05/01/2020 1:05 PM","88.09","0","0"
"988","05/01/2020 1:10 PM","88.09","0","0"
"989","05/01/2020 1:15 PM","88.09","0","0"
"990","05/01/2020 1:20 PM","88.09","0","0"
"991","05/01/2020 1:25 PM","88.09","0","0"
"992","05/01/2020 1:30 PM","88.09","0","0"
"993","05/01/2020 1:35 PM","88.09","0","0"
"994","05/01/2020 1:40 PM","88.09","0","0"
"995","05/01/2020 1:45 PM","88.09","0","0"
"996","05/01/2020 1:50 PM","88.09","0","0"
"997","05/01/2020 1:55 PM","88.09","0","0"
"998","05/01/2020 2:00 PM","88.09","0","0"
"999","05/01/2020 2:05 PM","88.09","0","0"
"1000","05/01/2020 2:10 PM","88.09","0","0"
"1001","05/01/2020 2:15 PM","88.12","0","0"
"1002","05/01/2020 2:20 PM","88.12","0","0"
"1003","05/01/2020 2:25 PM","88.09","0","0"
"1004","05/01/2020 2:30 PM","88.12","0","0"
"1005","05/01/2020 2:35 PM","88.09","0","0"
"1006","05/01/2020 2:40 PM","88.09","0","0"
"1007","05/01/2020 2:45 PM","88.09","0","0"
"1008","05/01/2020 2:50 PM","88.09","0","0"
"1009","05/01/2020 2:55 PM","88.09","0","0"
"1010","05/01/2020 3:00 PM","88.09","0","0"
"1011","05/01/2020 3:05 PM","88.12","0","0"
"1012","05/01/2020 3:10 PM","88.12","0","0"
"1013","05/01/2020 3:15 PM","88.09","0","0"
"1014","05/01/2020 3:20 PM","88.09","0","0"
"1015","05/01/2020 3:25 PM","88.09","0","0"
"1016","05/01/2020 3:30 PM","88.09","0","0"
"1017","05/01/2020 3:35 PM","88.09","0","0"
"1018","05/01/2020 3:40 PM","88.09","0","0"
"1019","05/01/2020 3:45 PM","88.09","0","0"
"1020","05/01/2020 3:50 PM","88.09","0","0"
"1021","05/01/2020 3:55 PM","88.09","0","0"
"1022","05/01/2020 4:00 PM","88.09","0","0"
"1023","05/01/2020 4:05 PM","88.09","0","0"
"1024","05/01/2020 4:10 PM","88.12","0","0"
"1025","05/01/2020 4:15 PM","88.09","0","0"
"1026","05/01/2020 4:20 PM","88.12","0","0"
"1027","05/01/2020 4:25 PM","88.09","0","0"
"1028","05/01/2020 4:30 PM","88.09","0","0"
"1029","05/01/2020 4:35 PM","88.09","0","0"
"1030","05/01/2020 4:40 PM","88.09","0","0"
"1031","05/01/2020 4:45 PM","88.09","0","0"
"1032","05/01/2020 4:50 PM","88.09","0","0"
"1033","05/01/2020 4:55 PM","88.09","0","0"
"1034","05/01/2020 5:00 PM","88.09","0","0"
"1035","05/01/2020 5:05 PM","88.09","0","0"
"1036","05/01/2020 5:10 PM","88.09","0","0"
"1037","05/01/2020 5:15 PM","88.12","0","0"
"1038","05/01/2020 5:20 PM","88.12","0","0"
"1039","05/01/2020 5:25 PM","88.09","0","0"
"1040","05/01/2020 5:30 PM","88.09","0","0"
"1041","05/01/2020 5:35 PM","88.09","0","0"
"1042","05/01/2020 5:40 PM","88.12","0","0"
"1043","05/01/2020 5:45 PM","88.09","0","0"
"1044","05/01/2020 5:50 PM","88.09","0","0"
"1045","05/01/2020 5:55 PM","88.09","0","0"
"1046","05/01/2020 6:00 PM","88.09","0","0"
"1047","05/01/2020 6:05 PM","88.15","0","0"
"1048","05/01/2020 6:10 PM","88.12","0","0"
"1049","05/01/2020 6:15 PM","88.09","0","0"
"1050","05/01/2020 6:20 PM","88.12","0","0"
"1051","05/01/2020 6:25 PM","88.09","0","0"
"1052","05/01/2020 6:30 PM","88.12","0","0"
"1053","05/01/2020 6:35 PM","88.09","0","0"
"1054","05/01/2020 6:40 PM","88.12","0","0"
"1055","05/01/2020 6:45 PM","88.09","0","0"
"1056","05/01/2020 6:50 PM","88.12","0","0"
"1057","05/01/2020 6:55 PM","88.09","0","0"
"1058","05/01/2020 7:00 PM","88.09","0","0"
"1059","05/01/2020 7:05 PM","88.09","0","0"
"1060","05/01/2020 7:10 PM","88.12","0","0"
"1061","05/01/2020 7:15 PM","88.12","0","0"
"1062","05/01/2020 7:20 PM","88.12","0","0"
"1063","05/01/2020 7:25 PM","88.12","0","0"
"1064","05/01/2020 7:30 PM","88.09","0","0"
"1065","05/01/2020 7:35 PM","88.12","0","0"
"1066","05/01/2020 7:40 PM","88.12","0","0"
"1067","05/01/2020 7:45 PM","88.12","0","0"
"1068","05/01/2020 7:50 PM","88.12","0","0"
"1069","05/01/2020 7:55 PM","88.15","0","0"
"1070","05/01/2020 8:00 PM","88.12","0","0"
"1071","05/01/2020 8:05 PM","88.12","0","0"
"1072","05/01/2020 8:10 PM","88.09","0","0"
"1073","05/01/2020 8:15 PM","88.09","0","0"
"1074","05/01/2020 8:20 PM","88.09","0","0"
"1075","05/01/2020 8:25 PM","88.09","0","0"
"1076","05/01/2020 8:30 PM","88.09","0","0"
"1077","05/01/2020 8:35 PM","88.09","0","0"
"1078","05/01/2020 8:40 PM","88.09","0","0"
"1079","05/01/2020 8:45 PM","88.09","0","0"
"1080","05/01/2020 8:50 PM","88.09","0","0"
"1081","05/01/2020 8:55 PM","88.12","0","0"
"1082","05/01/2020 9:00 PM","88.12","0","0"
"1083","05/01/2020 9:05 PM","88.09","0","0"
"1084","05/01/2020 9:10 PM","88.09","0","0"
"1085","05/01/2020 9:15 PM","88.09","0","0"
"1086","05/01/2020 9:20 PM","88.12","0","0"
"1087","05/01/2020 9:25 PM","88.12","0","0"
"1088","05/01/2020 9:30 PM","88.15","0","0"
"1089","05/01/2020 9:35 PM","88.09","0","0"
"1090","05/01/2020 9:40 PM","88.12","0","0"
"1091","05/01/2020 9:45 PM","88.09","0","0"
"1092","05/01/2020 9:50 PM","88.09","0","0"
"1093","05/01/2020 9:55 PM","88.09","0","0"
"1094","05/01/2020 10:00 PM","88.09","0","0"
"1095","05/01/2020 10:05 PM","88.12","0","0"
"1096","05/01/2020 10:10 PM","88.12","0","0"
"1097","05/01/2020 10:15 PM","88.12","0","0"
"1098","05/01/2020 10:20 PM","88.09","0","0"
"1099","05/01/2020 10:25 PM","88.09","0","0"
"1100","05/01/2020 10:30 PM","88.09","0","0"
"1101","05/01/2020 10:35 PM","88.15","0","0"
"1102","05/01/2020 10:40 PM","88.09","0","0"
"1103","05/01/2020 10:45 PM","88.09","0","0"
"1104","05/01/2020 10:50 PM","88.09","0","0"
"1105","05/01/2020 10:55 PM","88.06","0","0"
"1106","05/01/2020 11:00 PM","88.12","0","0"
"1107","05/01/2020 11:05 PM","88.09","0","0"
"1108","05/01/2020 11:10 PM","88.09","0","0"
"1109","05/01/2020 11:15 PM","88.09","0","0"
"1110","05/01/2020 11:20 PM","88.09","0","0"
"1111","05/01/2020 11:25 PM","88.09","0","0"
"1112","05/01/2020 11:30 PM","88.09","0","0"
"1113","05/01/2020 11:35 PM","88.09","0","0"
"1114","05/01/2020 11:40 PM","88.12","0","0"
"1115","05/01/2020 11:45 PM","88.09","0","0"
"1116","05/01/2020 11:50 PM","88.09","0","0"
"1117","05/01/2020 11:55 PM","88.09","0","0"
"1118","06/01/2020 12:00 AM","88.09","0","0"
"1119","06/01/2020 12:05 AM","88.09","0","0"
"1120","06/01/2020 12:10 AM","88.09","0","0"
"1121","06/01/2020 12:15 AM","88.09","0","0"
"1122","06/01/2020 12:20 AM","88.15","0","0"
"1123","06/01/2020 12:25 AM","88.12","0","0"
"1124","06/01/2020 12:30 AM","88.09","0","0"
"1125","06/01/2020 12:35 AM","88.09","0","0"
"1126","06/01/2020 12:40 AM","88.09","0","0"
"1127","06/01/2020 12:45 AM","88.09","0","0"
"1128","06/01/2020 12:50 AM","88.12","0","0"
"1129","06/01/2020 12:55 AM","88.09","0","0"
"1130","06/01/2020 1:00 AM","88.09","0","0"
"1131","06/01/2020 1:05 AM","88.09","0","0"
"1132","06/01/2020 1:10 AM","88.09","0","0"
"1133","06/01/2020 1:15 AM","88.09","0","0"
"1134","06/01/2020 1:20 AM","88.12","0","0"
"1135","06/01/2020 1:25 AM","88.09","0","0"
"1136","06/01/2020 1:30 AM","88.09","0","0"
"1137","06/01/2020 1:35 AM","88.09","0","0"
"1138","06/01/2020 1:40 AM","88.09","0","0"
"1139","06/01/2020 1:45 AM","88.09","0","0"
"1140","06/01/2020 1:50 AM","88.09","0","0"
"1141","06/01/2020 1:55 AM","88.15","0","0"
"1142","06/01/2020 2:00 AM","88.09","0","0"
"1143","06/01/2020 2:05 AM","88.12","0","0"
"1144","06/01/2020 2:10 AM","88.09","0","0"
"1145","06/01/2020 2:15 AM","88.12","0","0"
"1146","06/01/2020 2:20 AM","88.09","0","0"
"1147","06/01/2020 2:25 AM","88.09","0","0"
"1148","06/01/2020 2:30 AM","88.09","0","0"
"1149","06/01/2020 2:35 AM","88.09","0","0"
"1150","06/01/2020 2:40 AM","88.09","0","0"
"1151","06/01/2020 2:45 AM","88.09","0","0"
"1152","06/01/2020 2:50 AM","88.09","0","0"
"1153","06/01/2020 2:55 AM","88.09","0","0"
"1154","06/01/2020 3:00 AM","88.09","0","0"
"1155","06/01/2020 3:05 AM","88.09","0","0"
"1156","06/01/2020 3:10 AM","88.09","0","0"
"1157","06/01/2020 3:15 AM","88.09","0","0"
"1158","06/01/2020 3:20 AM","88.09","0","0"
"1159","06/01/2020 3:25 AM","88.09","0","0"
"1160","06/01/2020 3:30 AM","88.09","0","0"
"1161","06/01/2020 3:35 AM","88.09","0","0"
"1162","06/01/2020 3:40 AM","88.15","0","0"
"1163","06/01/2020 3:45 AM","88.12","0","0"
"1164","06/01/2020 3:50 AM","88.09","0","0"
"1165","06/01/2020 3:55 AM","88.09","0","0"
"1166","06/01/2020 4:00 AM","88.09","0","0"
"1167","06/01/2020 4:05 AM","88.09","0","0"
"1168","06/01/2020 4:10 AM","88.09","0","0"
"1169","06/01/2020 4:15 AM","88.09","0","0"
"1170","06/01/2020 4:20 AM","88.09","0","0"
"1171","06/01/2020 4:25 AM","88.09","0","0"
"1172","06/01/2020 4:30 AM","88.09","0","0"
"1173","06/01/2020 4:35 AM","88.15","0","0"
"1174","06/01/2020 4:40 AM","88.12","0","0"
"1175","06/01/2020 4:45 AM","88.12","0","0"
"1176","06/01/2020 4:50 AM","88.12","0","0"
"1177","06/01/2020 4:55 AM","88.12","0","0"
"1178","06/01/2020 5:00 AM","88.09","0","0"
"1179","06/01/2020 5:05 AM","88.12","0","0"
"1180","06/01/2020 5:10 AM","88.12","0","0"
"1181","06/01/2020 5:15 AM","88.09","0","0"
"1182","06/01/2020 5:20 AM","88.12","0","0"
"1183","06/01/2020 5:25 AM","88.09","0","0"
"1184","06/01/2020 5:30 AM","88.12","0","0"
"1185","06/01/2020 5:35 AM","88.12","0","0"
"1186","06/01/2020 5:40 AM","88.09","0","0"
"1187","06/01/2020 5:45 AM","88.09","0","0"
"1188","06/01/2020 5:50 AM","88.09","0","0"
"1189","06/01/2020 5:55 AM","88.12","0","0"
"1190","06/01/2020 6:00 AM","88.12","0","0"
"1191","06/01/2020 6:05 AM","88.09","0","0"
"1192","06/01/2020 6:10 AM","88.12","0","0"
"1193","06/01/2020 6:15 AM","88.12","0","0"
"1194","06/01/2020 6:20 AM","88.12","0","0"
"1195","06/01/2020 6:25 AM","88.09","0","0"
"1196","06/01/2020 6:30 AM","88.09","0","0"
"1197","06/01/2020 6:35 AM","88.09","0","0"
"1198","06/01/2020 6:40 AM","88.09","0","0"
"1199","06/01/2020 6:45 AM","88.12","0","0"
"1200","06/01/2020 6:50 AM","88.09","0","0"
"1201","06/01/2020 6:55 AM","88.09","0","0"
"1202","06/01/2020 7:00 AM","88.09","1.38","0"
"1203","06/01/2020 7:05 AM","88.09","4.93","0"
"1204","06/01/2020 7:10 AM","86.51","4.87","1"
"1205","06/01/2020 7:15 AM","86.67","4.93","1"
"1206","06/01/2020 7:20 AM","84.22","4.93","0"
"1207","06/01/2020 7:25 AM","86.01","4.95","3"
"1208","06/01/2020 7:30 AM","86.26","4.98","4"
"1209","06/01/2020 7:35 AM","85","4.88","4"
"1210","06/01/2020 7:40 AM","83.46","4.92","4"
"1211","06/01/2020 7:45 AM","82.58","4.93","0"
"1212","06/01/2020 7:50 AM","82.39","4.83","0"
"1213","06/01/2020 7:55 AM","81.58","0.77","0"
"1214","06/01/2020 8:00 AM","81.61","0","0"
"1215","06/01/2020 8:05 AM","81.45","0","0"
"1216","06/01/2020 8:10 AM","81.35","0","0"
"1217","06/01/2020 8:15 AM","81.32","0","0"
"1218","06/01/2020 8:20 AM","81.26","0","0"
"1219","06/01/2020 8:25 AM","81.26","0","0"
"1220","06/01/2020 8:30 AM","81.35","3.05","2"
"1221","06/01/2020 8:35 AM","83.24","4.9","5"
"1222","06/01/2020 8:40 AM","82.61","4.88","5"
"1223","06/01/2020 8:45 AM","81.29","4.93","4"
"1224","06/01/2020 8:50 AM","80.91","4.8","2"
"1225","06/01/2020 8:55 AM","76.42","4.65","0"
"1226","06/01/2020 9:00 AM","79.91","4.95","2"
"1227","06/01/2020 9:05 AM","79.31","4.93","3"
"1228","06/01/2020 9:10 AM","78.37","4.93","3"
"1229","06/01/2020 9:15 AM","78.21","3.42","3"
"1230","06/01/2020 9:20 AM","78.08","0.88","0"
"1231","06/01/2020 9:25 AM","76.38","0.98","0"
"1232","06/01/2020 9:30 AM","78.52","2.4","0"
"1233","06/01/2020 9:35 AM","78.4","2.93","2"
"1234","06/01/2020 9:40 AM","78.24","4.92","4"
"1235","06/01/2020 9:45 AM","78.05","4.95","5"
"1236","06/01/2020 9:50 AM","75.25","4.93","5"
"1237","06/01/2020 9:55 AM","74.47","4.98","5"
"1238","06/01/2020 10:00 AM","73.96","4.98","5"
"1239","06/01/2020 10:05 AM","73.43","4.87","5"
"1240","06/01/2020 10:10 AM","74.4","4.92","5"
"1241","06/01/2020 10:15 AM","71.98","4.97","3"
"1242","06/01/2020 10:20 AM","71.57","2.07","1"
"1243","06/01/2020 10:25 AM","71.54","0","0"
"1244","06/01/2020 10:30 AM","71.51","0","0"
"1245","06/01/2020 10:35 AM","71.45","0","0"
"1246","06/01/2020 10:40 AM","71","4.37","4"
"1247","06/01/2020 10:45 AM","72.11","4.98","5"
"1248","06/01/2020 10:50 AM","70.5","4.92","5"
"1249","06/01/2020 10:55 AM","70.25","4.92","5"
"1250","06/01/2020 11:00 AM","68.9","4.5","0"
"1251","06/01/2020 11:05 AM","68.83","1.5","0"
"1252","06/01/2020 11:10 AM","68.83","0","0"
"1253","06/01/2020 11:15 AM","68.8","0","0"
"1254","06/01/2020 11:20 AM","68.8","0","0"
"1255","06/01/2020 11:25 AM","68.83","0","0"
"1256","06/01/2020 11:30 AM","68.83","0","0"
"1257","06/01/2020 11:35 AM","68.8","0","0"
"1258","06/01/2020 11:40 AM","68.9","0","0"
"1259","06/01/2020 11:45 AM","68.8","0","0"
"1260","06/01/2020 11:50 AM","68.8","0","0"
"1261","06/01/2020 11:55 AM","68.8","2.95","3"
"1262","06/01/2020 12:00 PM","68.9","4.97","5"
"1263","06/01/2020 12:05 PM","68.65","4.98","5"
"1264","06/01/2020 12:10 PM","67.39","4.98","5"
"1265","06/01/2020 12:15 PM","66.03","4.87","5"
"1266","06/01/2020 12:20 PM","66.22","4.95","5"
"1267","06/01/2020 12:25 PM","63.8","4.97","4"
"1268","06/01/2020 12:30 PM","61.94","4.92","2"
"1269","06/01/2020 12:35 PM","61.91","0","0"
"1270","06/01/2020 12:40 PM","61.94","0","0"
"1271","06/01/2020 12:45 PM","62.32","1.3","1"
"1272","06/01/2020 12:50 PM","123.67","1.95","1"
"1273","06/01/2020 12:55 PM","122.47","4.97","0"
"1274","06/01/2020 1:00 PM","122.47","4.95","0"
"1275","06/01/2020 1:05 PM","122.44","4.95","5"
"1276","06/01/2020 1:10 PM","122.06","0.52","3"
"1277","06/01/2020 1:15 PM","120.05","0","0"
"1278","06/01/2020 1:20 PM","120.05","0","0"
"1279","06/01/2020 1:25 PM","120.08","0","0"
"1280","06/01/2020 1:30 PM","120.11","0","0"
"1281","06/01/2020 1:35 PM","120.02","0","0"
"1282","06/01/2020 1:40 PM","120.05","0","0"
"1283","06/01/2020 1:45 PM","119.99","0","0"
"1284","06/01/2020 1:50 PM","120.05","0","0"
"1285","06/01/2020 1:55 PM","120.05","0","0"
"1286","06/01/2020 2:00 PM","120.08","0","0"
"1287","06/01/2020 2:05 PM","120.08","0","0"
"1288","06/01/2020 2:10 PM","120.14","0","0"
"1289","06/01/2020 2:15 PM","120.11","0","0"
"1290","06/01/2020 2:20 PM","120.08","0","0"
"1291","06/01/2020 2:25 PM","120.05","0","0"
"1292","06/01/2020 2:30 PM","120.05","0","0"
"1293","06/01/2020 2:35 PM","120.08","0","0"
"1294","06/01/2020 2:40 PM","120.14","0","0"
"1295","06/01/2020 2:45 PM","120.18","0","0"
"1296","06/01/2020 2:50 PM","120.18","0","0"
"1297","06/01/2020 2:55 PM","120.11","0","0"
"1298","06/01/2020 3:00 PM","122.44","2.83","1"
"1299","06/01/2020 3:05 PM","122.41","4.93","3"
"1300","06/01/2020 3:10 PM","120.74","2.05","3"
"1301","06/01/2020 3:15 PM","119.74","0","0"
"1302","06/01/2020 3:20 PM","119.77","0","0"
"1303","06/01/2020 3:25 PM","119.74","0","0"
"1304","06/01/2020 3:30 PM","119.74","0","0"
"1305","06/01/2020 3:35 PM","119.74","0","0"
"1306","06/01/2020 3:40 PM","119.74","0","0"
"1307","06/01/2020 3:45 PM","119.74","0","0"
"1308","06/01/2020 3:50 PM","119.74","0","0"
"1309","06/01/2020 3:55 PM","119.77","0","0"
"1310","06/01/2020 4:00 PM","119.74","0","0"
"1311","06/01/2020 4:05 PM","119.74","0","0"
"1312","06/01/2020 4:10 PM","121.31","2.1","4"
"1313","06/01/2020 4:15 PM","122.03","4.95","6"
"1314","06/01/2020 4:20 PM","121.15","4.88","6"
"1315","06/01/2020 4:25 PM","119.74","4.95","5"
"1316","06/01/2020 4:30 PM","118.41","4.93","5"
"1317","06/01/2020 4:35 PM","117.12","4.95","5"
"1318","06/01/2020 4:40 PM","116.72","4.88","5"
"1319","06/01/2020 4:45 PM","116.28","4.75","5"
"1320","06/01/2020 4:50 PM","114.73","2.17","0"
"1321","06/01/2020 4:55 PM","114.7","2.75","1"
"1322","06/01/2020 5:00 PM","115.33","4.97","1"
"1323","06/01/2020 5:05 PM","114.83","1.05","1"
"1324","06/01/2020 5:10 PM","114.01","3.87","4"
"1325","06/01/2020 5:15 PM","113.29","4.12","2"
"1326","06/01/2020 5:20 PM","112.91","0","0"
"1327","06/01/2020 5:25 PM","112.91","0","0"
"1328","06/01/2020 5:30 PM","112.88","0","0"
"1329","06/01/2020 5:35 PM","112.85","0","0"
"1330","06/01/2020 5:40 PM","115.74","3.38","4"
"1331","06/01/2020 5:45 PM","114.48","4.97","5"
"1332","06/01/2020 5:50 PM","113.57","4.93","4"
"1333","06/01/2020 5:55 PM","111.97","4.93","5"
"1334","06/01/2020 6:00 PM","112.12","4.95","5"
"1335","06/01/2020 6:05 PM","111.81","4.93","5"
"1336","06/01/2020 6:10 PM","110.05","4.97","5"
"1337","06/01/2020 6:15 PM","110.3","3.88","2"
"1338","06/01/2020 6:20 PM","108.69","0","0"
"1339","06/01/2020 6:25 PM","108.69","0","0"
"1340","06/01/2020 6:30 PM","108.72","0","0"
"1341","06/01/2020 6:35 PM","108.63","0","0"
"1342","06/01/2020 6:40 PM","108.69","0","0"
"1343","06/01/2020 6:45 PM","108.63","0","0"
"1344","06/01/2020 6:50 PM","108.54","0","0"
"1345","06/01/2020 6:55 PM","108.6","0","0"
"1346","06/01/2020 7:00 PM","108.19","4.17","0"
"1347","06/01/2020 7:05 PM","107.09","4.92","0"
"1348","06/01/2020 7:10 PM","107.37","4.93","0"
"1349","06/01/2020 7:15 PM","107.34","0.37","0"
"1350","06/01/2020 7:20 PM","107.34","0","0"
"1351","06/01/2020 7:25 PM","107.34","0","0"
"1352","06/01/2020 7:30 PM","107.34","0","0"
"1353","06/01/2020 7:35 PM","107.34","0","0"
"1354","06/01/2020 7:40 PM","107.34","0","0"
"1355","06/01/2020 7:45 PM","107.37","0","0"
"1356","06/01/2020 7:50 PM","107.34","0","0"
"1357","06/01/2020 7:55 PM","107.37","0","0"
"1358","06/01/2020 8:00 PM","107.4","1.35","0"
"1359","06/01/2020 8:05 PM","109.98","4.95","5"
"1360","06/01/2020 8:10 PM","109.35","4.9","5"
"1361","06/01/2020 8:15 PM","109.04","4.93","5"
"1362","06/01/2020 8:20 PM","107.91","4.93","5"
"1363","06/01/2020 8:25 PM","104.86","4.93","3"
"1364","06/01/2020 8:30 PM","104.41","4.92","0"
"1365","06/01/2020 8:35 PM","104.16","4.93","0"
"1366","06/01/2020 8:40 PM","104.57","4.53","0"
"1367","06/01/2020 8:45 PM","101.87","4.83","0"
"1368","06/01/2020 8:50 PM","103.28","4.5","2"
"1369","06/01/2020 8:55 PM","102.78","4.98","2"
"1370","06/01/2020 9:00 PM","104.1","4.93","4"
"1371","06/01/2020 9:05 PM","103.13","4.95","5"
"1372","06/01/2020 9:10 PM","102.15","3.92","3"
"1373","06/01/2020 9:15 PM","101.71","0","0"
"1374","06/01/2020 9:20 PM","101.68","0","0"
"1375","06/01/2020 9:25 PM","101.61","0","0"
"1376","06/01/2020 9:30 PM","101.46","0","0"
"1377","06/01/2020 9:35 PM","101.46","0","0"
"1378","06/01/2020 9:40 PM","101.43","0","0"
"1379","06/01/2020 9:45 PM","101.36","0","0"
"1380","06/01/2020 9:50 PM","101.3","0","0"
"1381","06/01/2020 9:55 PM","101.3","0","0"
"1382","06/01/2020 10:00 PM","101.21","0","0"
"1383","06/01/2020 10:05 PM","101.3","0","0"
"1384","06/01/2020 10:10 PM","101.3","0","0"
"1385","06/01/2020 10:15 PM","101.21","3.9","3"
"1386","06/01/2020 10:20 PM","102.24","4.97","4"
"1387","06/01/2020 10:25 PM","101.84","4.93","4"
"1388","06/01/2020 10:30 PM","100.48","4.98","4"
"1389","06/01/2020 10:35 PM","100.23","4.97","4"
"1390","06/01/2020 10:40 PM","98.97","4.9","4"
"1391","06/01/2020 10:45 PM","98.88","4.95","4"
"1392","06/01/2020 10:50 PM","98.03","4.95","4"
"1393","06/01/2020 10:55 PM","98.72","4.93","3"
"1394","06/01/2020 11:00 PM","96.83","4.88","4"
"1395","06/01/2020 11:05 PM","96.39","4.92","4"
"1396","06/01/2020 11:10 PM","96.3","4.92","4"
"1397","06/01/2020 11:15 PM","94.95","4.93","4"
"1398","06/01/2020 11:20 PM","94.47","4.97","3"
"1399","06/01/2020 11:25 PM","93.75","4.92","4"
"1400","06/01/2020 11:30 PM","94","4.92","4"
"1401","06/01/2020 11:35 PM","93.28","4.92","4"
"1402","06/01/2020 11:40 PM","91.17","4.97","3"
"1403","06/01/2020 11:45 PM","89.47","1.63","0"
"1404","06/01/2020 11:50 PM","89.47","0","0"
"1405","06/01/2020 11:55 PM","89.44","0","0"